City_ID,City,Country,Lat,Lng,Max Temp,Humidity,Cloudiness,Wind Speed,Current Description
0,Ghanzi,BW,-21.5667,21.7833,62.42,35,0,4.07,clear sky
1,Deer Lake,CA,49.1667,-57.4316,46.26,76,75,13.8,broken clouds
2,Punta Arenas,CL,-53.15,-70.9167,50.11,62,40,27.63,scattered clouds
3,Tuatapere,NZ,-46.1333,167.6833,51.55,89,60,4.38,broken clouds
4,Richards Bay,ZA,-28.783,32.0377,66.72,94,1,7.18,clear sky
5,Yulara,AU,-25.2406,130.9889,42.64,61,12,4.61,few clouds
6,Cape Town,ZA,-33.9258,18.4232,60.12,89,9,2.3,mist
7,Santa Cruz,BO,-17.8,-63.1667,80.06,31,0,4.61,clear sky
8,Albany,US,42.6001,-73.9662,68.92,41,100,1.01,overcast clouds
9,Bonavista,CA,48.6499,-53.1147,40.53,95,100,15.68,light rain
10,Galesong,ID,-5.3166,119.3661,75.22,84,67,5.14,broken clouds
11,Torbay,CA,47.6666,-52.7314,45.37,83,100,14.97,overcast clouds
12,Butaritari,KI,3.0707,172.7902,81.5,71,66,17.13,broken clouds
13,Ushuaia,AR,-54.8,-68.3,47.86,49,75,16.11,broken clouds
14,Tonj,SS,7.2737,28.6822,83.88,52,52,2.55,broken clouds
15,Puerto Ayora,EC,-0.7393,-90.3518,80.56,84,100,7.96,overcast clouds
16,Saint-Philippe,RE,-21.3585,55.7679,74.79,86,86,16.91,light rain
17,Bredasdorp,ZA,-34.5322,20.0403,59.04,92,31,4.05,scattered clouds
18,Fortuna,US,40.5982,-124.1573,55.65,95,100,16.11,overcast clouds
19,Altay,CN,47.8667,88.1167,56.48,59,100,5.01,overcast clouds
20,Qaanaaq,GL,77.484,-69.3632,19.18,80,5,5.61,clear sky
21,Carnarvon,AU,-24.8667,113.6333,62.67,55,0,6.91,clear sky
22,Flinders,AU,-34.5833,150.8552,52.18,68,1,5.01,clear sky
23,Mataura,NZ,-46.1927,168.8643,51.48,90,82,3.06,broken clouds
24,Guerrero Negro,MX,27.9769,-114.0611,72.09,54,5,13.04,clear sky
25,Gargzdai,LT,55.7128,21.4033,47.98,93,100,5.39,overcast clouds
26,Tasiilaq,GL,65.6145,-37.6368,28.56,70,50,0.83,scattered clouds
27,Buala,SB,-8.145,159.5921,80.62,79,14,6.13,few clouds
28,Hohhot,CN,40.8106,111.6522,48.49,37,0,6.71,clear sky
29,Sioux Lookout,CA,50.1001,-91.917,60.87,39,20,5.75,few clouds
30,Barrow,US,71.2906,-156.7887,12.22,85,100,16.11,overcast clouds
31,Souillac,MU,-20.5167,57.5167,75.58,94,75,18.41,light rain
32,Nikolskoye,RU,59.7035,30.7861,46.29,59,95,6.55,overcast clouds
33,San Isidro,PE,-12.1167,-77.05,69.39,68,0,9.22,clear sky
34,Mahebourg,MU,-20.4081,57.7,76.24,94,75,18.41,broken clouds
35,Busselton,AU,-33.65,115.3333,54.7,62,0,13.58,clear sky
36,Nemuro,JP,43.3236,145.575,40.05,96,14,8.57,few clouds
37,Mehamn,NO,71.0357,27.8492,33.71,82,100,10.4,light snow
38,Rikitea,PF,-23.1203,-134.9692,77.86,85,41,15.86,light rain
39,Labuhan,ID,-6.8844,112.2051,78.31,86,17,4.45,few clouds
40,Hovd,MN,48.0056,91.6419,50.59,25,72,1.95,broken clouds
41,Eureka,US,40.8021,-124.1637,55.92,74,100,8.01,overcast clouds
42,Hithadhoo,MV,-0.6,73.0833,83.91,74,100,15.86,overcast clouds
43,Bluff,NZ,-46.6,168.3333,51.8,86,96,6.46,overcast clouds
44,Dingle,PH,10.9995,122.6711,77.54,87,91,6.78,overcast clouds
45,Rocha,UY,-34.4833,-54.3333,63.03,71,100,5.39,overcast clouds
46,Lar,IN,26.2039,83.9717,83.91,47,17,7.45,few clouds
47,Vaini,TO,-21.2,-175.2,69.96,100,40,1.14,scattered clouds
48,Port Alfred,ZA,-33.5906,26.891,71.35,56,0,4.03,clear sky
49,Broome,US,42.2506,-75.833,67.17,36,0,4.0,clear sky
50,Iquique,CL,-20.2208,-70.1431,66.24,75,35,7.11,scattered clouds
51,New Norfolk,AU,-42.7826,147.0587,56.7,89,100,3.0,moderate rain
52,Hilo,US,19.7297,-155.09,77.29,96,100,3.44,mist
53,Bengkulu,ID,-3.8004,102.2655,76.03,87,95,3.13,overcast clouds
54,Tiarei,PF,-17.5333,-149.3333,80.62,80,88,10.4,overcast clouds
55,Grindavik,IS,63.8424,-22.4338,39.67,75,40,28.77,scattered clouds
56,Hobart,AU,-42.8794,147.3294,57.06,96,100,11.5,light intensity shower rain
57,Cabo San Lucas,MX,22.8909,-109.9124,82.62,57,0,6.91,clear sky
58,Jacutinga,BR,-22.2856,-46.6122,63.7,70,0,2.06,clear sky
59,Platanos,GR,37.6667,21.6167,63.09,79,0,3.47,clear sky
60,Chapais,CA,49.7834,-74.8492,40.78,32,4,13.44,clear sky
61,Manono,CD,-7.3,27.4167,73.87,69,99,3.49,overcast clouds
62,Mount Gambier,AU,-37.8333,140.7667,42.71,93,100,4.61,moderate rain
63,Bardiyah,LY,31.7561,25.0865,62.53,80,0,8.19,clear sky
64,Ponta Do Sol,PT,32.6667,-17.1,67.71,72,36,5.46,scattered clouds
65,Guasdualito,VE,7.2424,-70.7324,73.4,100,75,3.44,moderate rain
66,Castro,BR,-24.7911,-50.0119,63.01,80,78,4.25,broken clouds
67,Basco,PH,20.4487,121.9702,82.98,77,79,11.5,broken clouds
68,Bowen,AU,-20.0167,148.2333,71.28,92,4,5.7,clear sky
69,Kurud,IN,20.8322,81.7214,82.56,29,1,1.66,clear sky
70,Springbok,ZA,-29.6643,17.8865,63.37,34,0,3.96,clear sky
71,Milos,GR,36.75,24.4333,62.69,63,0,6.87,clear sky
72,Chuy,UY,-33.6971,-53.4616,63.64,67,85,5.88,overcast clouds
73,Geraldton,AU,-28.7667,114.6,57.61,47,0,12.66,clear sky
74,Jatai,BR,-17.8814,-51.7144,75.72,49,0,3.56,clear sky
75,Berdigestyakh,RU,62.0989,126.6992,24.84,97,91,6.02,overcast clouds
76,Port Augusta,AU,-32.5,137.7667,50.0,82,48,4.81,scattered clouds
77,Arraial Do Cabo,BR,-22.9661,-42.0278,78.76,65,40,12.66,scattered clouds
78,Lusambo,CD,-4.9667,23.45,75.13,76,100,2.28,overcast clouds
79,Borkenes,NO,68.774,16.1739,40.78,100,100,21.99,overcast clouds
80,Mar Del Plata,AR,-38.0023,-57.5575,69.82,52,0,10.33,clear sky
81,Muros,ES,42.7762,-9.0603,63.16,76,5,10.29,clear sky
82,Goderich,CA,43.7501,-81.7165,53.92,58,100,10.36,overcast clouds
83,Muzhi,RU,65.3667,64.6667,21.09,88,39,11.27,scattered clouds
84,Kitimat,CA,54.0524,-128.6534,50.38,80,100,0.81,overcast clouds
85,Yellowknife,CA,62.456,-114.3525,52.32,50,20,9.22,few clouds
86,Hualmay,PE,-11.0964,-77.6139,70.34,74,17,10.09,few clouds
87,Bukachacha,RU,52.9833,116.9167,25.99,57,13,5.46,few clouds
88,Sur,OM,22.5667,59.5289,81.37,64,0,8.37,clear sky
89,Sao Francisco Do Sul,BR,-26.2433,-48.6381,73.31,68,75,11.5,broken clouds
90,Khatanga,RU,71.9667,102.5,25.81,93,69,9.42,broken clouds
91,Kapaa,US,22.0752,-159.319,79.12,78,75,14.97,broken clouds
92,Pervomayskoye,RU,43.919,46.7102,57.54,75,100,9.75,overcast clouds
93,Provideniya,RU,64.3833,-173.3,29.07,80,69,2.59,broken clouds
94,Hermanus,ZA,-34.4187,19.2345,58.8,92,10,5.86,clear sky
95,Ahipara,NZ,-35.1667,173.1667,60.01,85,18,6.11,few clouds
96,Praya,CV,14.9215,-23.5087,77.54,61,0,17.27,clear sky
97,Gigmoto,PH,13.7796,124.39,80.08,85,30,7.0,scattered clouds
98,Bubaque,GW,11.2833,-15.8333,78.4,71,2,18.77,clear sky
99,Xinzhou,CN,38.4092,112.7333,62.71,34,78,5.86,broken clouds
100,Matara,LK,5.9485,80.5353,79.57,87,99,11.07,moderate rain
101,Longyearbyen,SJ,78.2186,15.6401,22.84,68,75,4.61,light snow
102,Jamestown,US,42.097,-79.2353,67.51,55,0,6.91,clear sky
103,Tautira,PF,-17.7333,-149.15,81.09,79,91,12.19,overcast clouds
104,Saldanha,ZA,-33.0117,17.9442,55.45,96,44,5.44,scattered clouds
105,Chaiya,TH,9.3862,99.1986,78.28,89,95,1.88,overcast clouds
106,Lagoa,PT,39.05,-27.9833,62.01,86,100,27.31,overcast clouds
107,Padang,ID,-0.9492,100.3543,76.89,88,100,4.68,overcast clouds
108,Mana,GF,5.6592,-53.7767,81.7,77,100,7.65,overcast clouds
109,Mirabad,AF,30.4362,61.8383,86.41,13,0,9.17,clear sky
110,Rorvik,NO,64.8621,11.2373,42.78,81,100,13.4,overcast clouds
111,Leh,IN,34.1667,77.5833,45.75,51,18,5.14,few clouds
112,Mikumi,TZ,-7.4041,36.9831,67.06,96,29,2.91,scattered clouds
113,Yar-Sale,RU,66.8333,70.8333,12.94,82,14,11.14,few clouds
114,Waipawa,NZ,-41.4122,175.5153,51.8,90,7,3.74,clear sky
115,Aksu,CN,41.1231,80.2644,74.84,22,97,4.47,overcast clouds
116,Santa Marta,CO,11.2408,-74.199,89.65,62,75,9.22,thunderstorm
117,Waidhofen,DE,48.5833,11.3333,59.72,79,100,5.75,overcast clouds
118,Kavaratti,IN,10.5669,72.642,84.83,72,100,10.58,overcast clouds
119,Sao Filipe,CV,14.8961,-24.4956,73.27,78,56,5.64,broken clouds
120,Kruisfontein,ZA,-34.0033,24.7314,63.28,56,5,3.76,clear sky
121,Sitka,US,57.0531,-135.33,44.49,70,75,3.44,broken clouds
122,Port Elizabeth,ZA,-33.918,25.5701,57.49,94,0,3.44,clear sky
123,Bethel,US,41.3712,-73.414,72.19,32,0,11.5,clear sky
124,Lavrentiya,RU,65.5833,-171.0,19.58,82,9,2.13,clear sky
125,Muisne,EC,0.6,-80.0333,78.62,76,85,13.96,overcast clouds
126,Broken Hill,AU,-31.95,141.4333,38.91,87,0,0.0,clear sky
127,Norman Wells,CA,65.282,-126.8329,35.64,75,100,17.27,overcast clouds
128,Tuktoyaktuk,CA,69.4541,-133.0374,26.6,93,100,17.27,light snow
129,Margate,GB,51.3813,1.3862,56.7,77,79,1.01,broken clouds
130,Hobyo,SO,5.3505,48.5268,83.73,79,2,23.44,clear sky
131,Anloga,GH,5.7947,0.8973,83.21,79,95,11.95,overcast clouds
132,Riyadh,SA,24.6877,46.7219,95.14,13,50,6.85,scattered clouds
133,Mayo,US,38.8876,-76.5119,69.37,72,100,5.75,overcast clouds
134,Grafton,US,42.207,-71.6856,70.84,32,0,5.75,clear sky
135,Saint-Paul,RE,-21.0096,55.2707,75.36,81,14,1.97,light rain
136,Avarua,CK,-21.2078,-159.775,82.45,74,20,6.91,few clouds
137,Bambous Virieux,MU,-20.3428,57.7575,76.21,94,75,18.41,light rain
138,Puerto Baquerizo Moreno,EC,-0.9,-89.6,79.79,74,75,16.11,broken clouds
139,Upernavik,GL,72.7868,-56.1549,14.72,84,51,6.78,broken clouds
140,Faanui,PF,-16.4833,-151.75,81.36,73,69,7.54,broken clouds
141,Uddevalla,SE,58.3478,11.9424,48.56,83,8,1.01,clear sky
142,Kungsbacka,SE,57.4872,12.0761,51.08,73,13,17.0,few clouds
143,Chokurdakh,RU,70.6333,147.9167,19.45,95,100,7.49,overcast clouds
144,Launceston,AU,-41.45,147.1667,48.79,85,100,3.44,light rain
145,Cayenne,GF,4.9333,-52.3333,84.24,1,75,7.0,broken clouds
146,Port Hedland,AU,-20.3167,118.5667,73.45,40,0,12.66,clear sky
147,Airai,TL,-8.9266,125.4092,59.29,93,67,2.95,broken clouds
148,Cidreira,BR,-30.1811,-50.2056,66.58,67,77,8.41,broken clouds
149,Port Macquarie,AU,-31.4333,152.9167,61.9,86,96,7.72,overcast clouds
150,Sakit,IN,27.45,78.8167,86.76,29,0,4.63,clear sky
151,Port-Gentil,GA,-0.7193,8.7815,82.36,83,20,5.75,thunderstorm
152,The Pas,CA,53.8251,-101.2541,44.62,76,100,12.66,overcast clouds
153,Los Llanos De Aridane,ES,28.6585,-17.9182,64.15,85,75,10.36,broken clouds
154,Lebu,CL,-37.6167,-73.65,58.66,73,62,7.7,broken clouds
155,Yola,NG,9.2,12.4833,88.88,46,100,4.92,overcast clouds
156,Aktash,RU,50.3,87.7333,35.53,83,100,2.28,overcast clouds
157,Isangel,VU,-19.55,169.2667,76.95,79,1,9.01,clear sky
158,Bichura,RU,50.5881,107.6022,28.17,65,0,2.93,clear sky
159,Miri,MY,4.4148,114.0089,77.14,100,20,0.0,few clouds
160,Clyde River,CA,70.4692,-68.5914,26.83,74,40,8.05,scattered clouds
161,Thompson,CA,55.7435,-97.8558,37.56,70,100,6.91,overcast clouds
162,Kichmengskiy Gorodok,RU,59.9816,45.7854,29.3,87,47,5.32,scattered clouds
163,Sibu,MY,2.3,111.8167,77.31,94,40,0.0,scattered clouds
164,Coquimbo,CL,-29.9533,-71.3436,60.53,72,75,11.5,broken clouds
165,Sao Raimundo Nonato,BR,-9.0153,-42.6994,93.54,24,30,10.18,scattered clouds
166,Ryotsu,JP,38.0833,138.4333,59.25,53,0,2.82,clear sky
167,Nanortalik,GL,60.1432,-45.2371,34.27,78,100,12.17,overcast clouds
168,Petauke,ZM,-14.2426,31.3253,60.35,79,6,6.73,clear sky
169,Nome,US,64.5011,-165.4064,38.16,80,0,0.0,clear sky
170,Lolodorf,CM,3.2333,10.7333,71.76,98,100,1.39,moderate rain
171,Port Hardy,CA,50.6996,-127.4199,46.58,93,100,4.61,light rain
172,Mercedes,AR,-34.6515,-59.4307,72.03,50,82,6.11,broken clouds
173,Sao Jose Da Coroa Grande,BR,-8.8978,-35.1478,79.9,80,100,8.81,overcast clouds
174,Te Anau,NZ,-45.4167,167.7167,49.44,94,28,1.72,scattered clouds
175,Mogadishu,SO,2.0371,45.3438,82.04,78,95,14.47,moderate rain
176,Shingu,JP,33.7333,135.9833,60.67,91,100,3.6,overcast clouds
177,Hamilton,US,39.1834,-84.5333,64.62,75,75,11.5,broken clouds
178,Pavlohrad,UA,48.5167,35.8667,46.8,60,99,10.6,overcast clouds
179,Georgetown,MY,5.4112,100.3354,82.33,93,20,2.3,light rain
180,Saint George,US,37.1041,-113.5841,84.79,17,0,4.61,clear sky
181,Marawi,PH,7.9986,124.2928,68.95,94,43,1.54,scattered clouds
182,Pevek,RU,69.7008,170.3133,25.09,94,98,7.18,overcast clouds
183,Panama City,PA,8.9936,-79.5197,78.3,91,75,9.22,broken clouds
184,Victoria,HK,22.2855,114.1577,76.17,82,2,5.99,clear sky
185,Tuy Hoa,VN,13.0833,109.3,75.65,93,100,4.14,overcast clouds
186,Nueve De Julio,AR,-35.4444,-60.8831,70.39,36,85,6.69,overcast clouds
187,Phetchaburi,TH,12.9667,99.5833,74.55,90,71,1.39,light rain
188,Narasannapeta,IN,18.4167,84.05,81.23,84,47,5.17,scattered clouds
189,Dzerzhinskoye,RU,56.8344,95.2283,39.43,63,100,4.85,overcast clouds
190,Haines Junction,CA,60.7522,-137.5108,46.35,39,100,8.05,overcast clouds
191,Karratha,AU,-20.7377,116.8463,74.61,38,0,16.6,clear sky
192,Bilma,NE,18.6853,12.9164,95.07,11,0,7.27,clear sky
193,Ilulissat,GL,69.2167,-51.1,24.82,50,0,9.22,clear sky
194,Egvekinot,RU,66.3167,-179.1667,15.8,82,64,1.19,broken clouds
195,Narsingi,IN,18.0333,78.4333,85.35,40,36,8.28,scattered clouds
196,Tigre,AR,-34.426,-58.5796,71.74,58,0,5.75,clear sky
197,Hami,CN,42.8,93.45,73.31,25,92,5.97,overcast clouds
198,Kandrian,PG,-6.2167,149.55,77.16,89,81,2.86,light rain
199,Kaitangata,NZ,-46.2817,169.8464,53.87,79,100,4.0,overcast clouds
200,Saint-Denis,FR,48.9167,2.3333,61.57,63,100,9.22,overcast clouds
201,Colares,PT,38.7992,-9.4469,66.78,55,0,14.97,clear sky
202,Araouane,ML,18.9048,-3.5265,93.47,19,100,5.73,overcast clouds
203,Chipinge,ZW,-20.1883,32.6236,56.61,78,3,1.68,clear sky
204,Iberia,US,29.9502,-91.7507,84.2,65,75,21.85,broken clouds
205,Beihai,CN,21.4833,109.1,75.02,87,6,7.76,clear sky
206,Ballina,AU,-28.8667,153.5667,69.01,100,100,0.0,light rain
207,Pyshma,RU,56.9523,63.2513,48.33,84,94,16.31,light rain
208,East London,ZA,-33.0153,27.9116,71.6,51,0,6.87,clear sky
209,Bergen,NO,60.392,5.328,49.15,79,75,10.36,light rain
210,Loei,TH,17.4167,101.5,66.79,75,12,1.68,few clouds
211,Male,MV,4.1748,73.5089,84.15,84,100,11.5,overcast clouds
212,Tarko-Sale,RU,64.9225,77.785,14.05,92,27,5.06,scattered clouds
213,Kotaparh,IN,19.15,82.35,80.8,49,69,6.89,broken clouds
214,Ancud,CL,-41.8697,-73.8203,54.23,91,98,13.78,overcast clouds
215,Betioky,MG,-23.7167,44.3833,72.41,64,0,9.35,clear sky
216,Joshimath,IN,30.5667,79.5667,60.15,78,90,1.14,overcast clouds
217,Novoagansk,RU,61.9449,76.6625,31.75,92,100,8.93,overcast clouds
218,Linhares,BR,-19.3911,-40.0722,81.81,71,33,11.45,scattered clouds
219,Atuona,PF,-9.8,-139.0333,78.57,76,100,13.09,overcast clouds
220,Shaunavon,CA,49.6501,-108.4181,73.18,31,100,17.6,overcast clouds
221,Luderitz,NA,-26.6481,15.1594,62.37,67,0,5.99,clear sky
222,Paita,PE,-5.0892,-81.1144,70.68,74,96,15.1,overcast clouds
223,Camana,PE,-16.6228,-72.7111,69.51,79,11,7.52,few clouds
224,Laredo,US,27.5064,-99.5075,89.89,58,40,8.05,scattered clouds
225,Linxia,CN,35.6003,103.2064,60.26,39,5,3.51,clear sky
226,Vardo,NO,70.3705,31.1107,35.58,69,0,23.02,clear sky
227,Kidal,ML,18.4411,1.4078,94.84,11,100,10.25,overcast clouds
228,Tiznit,MA,29.5833,-9.5,68.05,45,100,3.29,overcast clouds
229,Tarata,BO,-17.6167,-66.0167,80.02,18,0,5.14,clear sky
230,Mbandaka,CD,0.0487,18.2603,70.45,95,100,4.38,overcast clouds
231,Varhaug,NO,58.6147,5.6457,48.85,85,100,0.69,overcast clouds
232,Huarmey,PE,-10.0681,-78.1522,70.86,75,56,10.2,broken clouds
233,Taoudenni,ML,22.6783,-3.9836,94.33,10,36,10.16,scattered clouds
234,Lasem,ID,-6.6922,111.4527,77.47,87,31,4.43,scattered clouds
235,Paamiut,GL,61.994,-49.6678,32.63,79,100,3.27,overcast clouds
236,Uglovskoye,RU,51.3557,80.1942,52.84,30,68,4.16,broken clouds
237,Bilibino,RU,68.0546,166.4372,31.32,96,100,2.19,overcast clouds
238,Bay Saint Louis,US,30.3088,-89.33,87.87,66,40,13.8,scattered clouds
239,Dikson,RU,73.5069,80.5464,19.24,96,100,7.45,light snow
240,Maniitsoq,GL,65.4167,-52.9,29.93,66,2,4.07,clear sky
241,Tabou,CI,4.423,-7.3528,80.96,84,47,6.67,scattered clouds
242,Rosarito,MX,32.3333,-117.0333,86.41,63,15,11.45,few clouds
243,Hailar,CN,49.2,119.7,38.26,32,89,12.33,overcast clouds
244,Lasa,IT,46.6166,10.7002,52.68,97,100,2.21,overcast clouds
245,Grand Baie,MU,-20.0182,57.5802,76.44,83,15,11.01,few clouds
246,Salalah,OM,17.0151,54.0924,84.29,84,75,5.75,broken clouds
247,Letlhakane,BW,-21.4167,25.5833,66.02,38,1,6.29,clear sky
248,Labuan,MY,5.2767,115.2417,79.16,94,20,0.0,few clouds
249,Saskylakh,RU,71.9167,114.0833,19.96,93,100,9.37,overcast clouds
250,Chabahar,IR,25.2919,60.643,80.56,73,0,2.01,clear sky
251,Christchurch,NZ,-43.5333,172.6333,48.94,91,5,3.44,clear sky
252,Kandi,BJ,11.1342,2.9386,86.76,48,70,1.25,light rain
253,Westport,US,41.1415,-73.3579,73.44,45,0,14.97,clear sky
254,Charagua,BO,-19.8,-63.2167,76.57,23,0,7.07,clear sky
255,Hanyang,CN,32.1371,105.5126,62.8,71,37,2.91,scattered clouds
256,Katsuura,JP,35.1333,140.3,63.45,79,100,8.01,overcast clouds
257,Narsaq,GL,60.9167,-46.05,41.22,82,100,2.01,light rain
258,Kodiak,US,57.79,-152.4072,45.91,76,100,17.27,overcast clouds
259,Oranjemund,NA,-28.55,16.4333,60.19,76,0,4.25,clear sky
260,Ribeira Grande,PT,38.5167,-28.7,64.8,88,75,12.66,broken clouds
261,Xuddur,SO,4.1213,43.8894,75.96,76,20,11.97,few clouds
262,Yaring,TH,6.8662,101.3689,79.43,88,84,6.76,broken clouds
263,Meulaboh,ID,4.1363,96.1285,75.87,94,100,1.3,light rain
264,Pangnirtung,CA,66.1451,-65.7125,14.0,79,0,2.3,clear sky
265,Kyren,RU,51.6828,102.1408,35.06,62,100,1.12,overcast clouds
266,Buraydah,SA,26.326,43.975,88.25,19,2,10.8,clear sky
267,Kinablangan,PH,7.6947,126.5503,77.63,85,96,4.16,overcast clouds
268,Kahului,US,20.8947,-156.47,79.97,75,40,19.57,scattered clouds
269,Yangambi,CD,0.8102,24.4336,72.25,92,96,1.43,light rain
270,Tucupita,VE,9.0622,-62.051,87.8,56,100,6.35,overcast clouds
271,Korla,CN,41.7597,86.1469,76.98,24,100,13.76,overcast clouds
272,Honiara,SB,-9.4333,159.95,77.68,87,32,4.63,scattered clouds
273,Kem,RU,64.9555,34.5793,34.88,82,100,7.74,overcast clouds
274,Vestnes,NO,62.6264,7.0884,48.92,71,75,3.44,broken clouds
275,Severo-Kurilsk,RU,50.6789,156.125,34.25,86,34,8.21,scattered clouds
276,Calatayud,ES,41.3535,-1.6432,54.61,68,0,5.44,clear sky
277,Bethanien,NA,-26.502,17.1583,66.96,28,0,6.51,clear sky
278,Mackay,AU,-21.15,149.2,68.68,94,75,4.61,broken clouds
279,Hofn,IS,64.2539,-15.2082,40.84,91,100,15.61,overcast clouds
280,Olafsvik,IS,64.8945,-23.7142,36.61,89,78,14.58,broken clouds
281,Korop,UA,51.5664,32.9586,41.49,68,46,5.32,scattered clouds
282,Kununurra,AU,-15.7667,128.7333,78.78,31,75,9.22,broken clouds
283,Manicore,BR,-5.8092,-61.3003,80.89,92,80,2.13,broken clouds
284,Itarema,BR,-2.9248,-39.9167,78.87,87,48,11.1,scattered clouds
285,Sterling,US,39.0062,-77.4286,68.79,67,100,5.99,overcast clouds
286,Krasnoselkup,RU,65.7,82.4667,16.61,92,7,6.85,clear sky
287,Goundi,TD,9.3627,17.366,84.49,51,66,4.16,broken clouds
288,Teya,RU,60.3778,92.6267,30.69,93,95,3.06,overcast clouds
289,Fairbanks,US,64.8378,-147.7164,50.31,59,0,3.44,clear sky
290,Ambulu,ID,-8.345,113.6058,75.79,92,46,2.98,scattered clouds
291,Posevnaya,RU,54.3006,83.3297,45.12,40,54,3.47,broken clouds
292,La Ronge,CA,55.1001,-105.2842,39.45,75,40,14.97,scattered clouds
293,Moanda,GA,-1.5575,13.2178,72.91,95,100,2.33,overcast clouds
294,Maneadero,MX,31.7167,-116.5667,71.1,73,12,4.0,few clouds
295,Gornopravdinsk,RU,60.05,69.9,39.06,93,100,9.19,moderate rain
296,Pyapon,MM,16.2833,95.6833,82.8,68,17,3.58,few clouds
297,Tiksi,RU,71.6872,128.8694,4.48,99,88,6.02,overcast clouds
298,Moundou,TD,8.5667,16.0833,83.44,55,99,5.17,overcast clouds
299,Mozarlandia,BR,-14.7447,-50.5706,88.7,44,43,3.27,scattered clouds
300,Rio Gallegos,AR,-51.6226,-69.2181,57.25,35,75,23.02,broken clouds
301,Hasaki,JP,35.7333,140.8333,59.4,79,100,9.33,overcast clouds
302,Bousso,TD,10.4795,16.7117,87.64,45,60,4.72,broken clouds
303,Rockland,US,41.1668,-74.0496,75.0,38,100,1.99,overcast clouds
304,Ca Mau,VN,9.1769,105.15,79.38,88,72,5.17,broken clouds
305,Babu,CN,24.4167,111.5167,69.76,78,98,2.01,overcast clouds
306,Moctezuma,MX,29.8,-109.6667,90.1,12,0,6.67,clear sky
307,Cherskiy,RU,68.75,161.3,32.0,90,100,4.97,overcast clouds
308,Divnogorsk,RU,55.9594,92.3619,34.29,57,100,2.84,overcast clouds
309,Puranpur,IN,28.5167,80.15,79.5,42,0,4.92,clear sky
310,Tocopilla,CL,-22.092,-70.1979,68.25,67,21,7.16,few clouds
311,Caninde De Sao Francisco,BR,-9.66,-37.7894,82.99,59,78,11.86,broken clouds
312,Nampula,MZ,-15.1165,39.2666,71.55,88,40,6.91,scattered clouds
313,Bandarbeyla,SO,9.4942,50.8122,81.77,87,2,10.69,clear sky
314,Port Shepstone,ZA,-30.7414,30.455,67.66,84,0,9.84,clear sky
315,Turayf,SA,31.6725,38.6637,62.85,51,0,13.8,clear sky
316,Kucove,AL,40.8003,19.9167,59.23,77,31,3.85,scattered clouds
317,Comodoro Rivadavia,AR,-45.8667,-67.5,62.46,25,0,13.8,clear sky
318,Gravelbourg,CA,49.8834,-106.5512,77.27,26,100,13.53,overcast clouds
319,Cleethorpes,GB,53.5605,-0.0323,62.85,84,100,7.2,overcast clouds
320,Beaverlodge,CA,55.2166,-119.4361,54.75,63,100,3.65,overcast clouds
321,Trinidad,BO,-14.8333,-64.9,84.18,37,2,6.91,clear sky
322,Pisco,PE,-13.7,-76.2167,71.02,77,0,10.36,clear sky
323,Carupano,VE,10.6678,-63.2585,82.87,71,100,16.8,overcast clouds
324,Priiskovyy,RU,51.9333,116.6333,30.18,48,69,4.97,broken clouds
325,Vostok,RU,46.4856,135.8833,47.14,66,82,6.04,broken clouds
326,Mosquera,CO,4.7059,-74.2302,55.49,88,75,4.61,light intensity drizzle
327,Bathsheba,BB,13.2167,-59.5167,84.81,70,75,17.27,broken clouds
328,West Wendover,US,40.7391,-114.0733,63.61,34,0,3.44,clear sky
329,Aguilas,ES,37.4063,-1.5829,62.64,77,3,7.36,clear sky
330,Les Cayes,HT,18.2,-73.75,83.8,66,5,10.18,clear sky
331,Abu Kamal,SY,34.4506,40.9171,71.82,30,4,1.14,clear sky
332,Atyashevo,RU,54.5644,46.0691,33.3,69,41,6.31,scattered clouds
333,Masuda,JP,34.6667,131.85,58.91,90,80,5.75,broken clouds
334,Mongoumba,CF,3.6415,18.5936,68.88,94,96,1.36,overcast clouds
335,Road Town,VG,18.4167,-64.6167,82.49,69,40,11.5,scattered clouds
336,Along,IN,28.1667,94.7667,66.33,94,48,1.68,scattered clouds
337,Roma,US,43.2128,-75.4557,66.51,37,0,4.61,clear sky
338,Ayan,RU,56.45,138.1667,29.88,88,100,3.06,overcast clouds
339,Kavieng,PG,-2.5744,150.7967,82.83,78,100,13.02,light rain
340,Palmas Bellas,PA,9.2319,-80.0867,78.26,84,100,6.42,overcast clouds
341,Upata,VE,8.0086,-62.3989,81.93,67,100,5.55,overcast clouds
342,Kenora,CA,49.8167,-94.4337,61.77,39,20,10.36,few clouds
343,Sambava,MG,-14.2667,50.1667,74.08,86,36,11.18,scattered clouds
344,Penzance,GB,50.1186,-5.5371,54.28,88,35,7.2,scattered clouds
345,Luau,AO,-10.7073,22.2247,70.77,61,74,5.46,broken clouds
346,Kibakwe,TZ,-6.7167,36.3667,61.5,96,33,3.36,scattered clouds
347,Maldonado,UY,-34.6667,-54.9167,68.23,69,100,1.57,overcast clouds
348,Kananga,CD,-5.8958,22.4178,74.55,70,65,4.38,broken clouds
349,Jardim,BR,-21.4803,-56.1381,75.9,51,21,3.44,few clouds
350,Adrar,MR,20.5022,-10.0711,90.79,13,99,9.64,overcast clouds
351,Makasar,ID,-5.14,119.4221,75.25,100,20,3.44,few clouds
352,Karwar,IN,14.8,74.1333,82.02,75,94,6.04,overcast clouds
353,Hudiksvall,SE,61.729,17.1036,47.66,65,87,7.92,overcast clouds
354,Cascas,PE,-7.4833,-78.8167,76.17,52,68,9.6,broken clouds
355,Gararu,BR,-9.9675,-37.0833,80.13,75,3,8.79,clear sky
356,Lexington,US,37.9887,-84.4777,75.09,61,0,6.91,clear sky
357,Corinto,GR,37.9407,22.9573,63.41,64,22,2.64,few clouds
358,Ulladulla,AU,-35.35,150.4667,50.9,60,0,11.56,clear sky
359,Lata,PT,40.1629,-8.3327,62.82,76,7,2.75,clear sky
360,Port Blair,IN,11.6667,92.75,83.01,75,97,5.03,overcast clouds
361,Vieques,PR,18.425,-65.8329,88.84,69,20,21.85,few clouds
362,Havelock,US,34.8791,-76.9013,73.38,84,100,9.22,overcast clouds
363,Clinton,US,42.587,-82.9199,61.45,66,100,1.01,overcast clouds
364,Saint-Louis,SN,16.3333,-15.0,103.64,15,5,12.21,clear sky
365,Buchanan,LR,5.8808,-10.0467,77.14,90,100,2.93,overcast clouds
366,Ilek,RU,51.5271,53.3831,41.67,61,100,14.03,overcast clouds
367,Oksfjord,NO,70.2396,22.3479,41.07,82,100,7.16,overcast clouds
368,Dukat,RU,62.55,155.55,25.54,86,100,7.74,overcast clouds
369,Greenville,US,35.6127,-77.3663,73.42,76,100,5.75,overcast clouds
370,Lethem,GY,3.3803,-59.7968,91.0,50,45,3.96,scattered clouds
371,Sistranda,NO,63.7256,8.834,46.36,76,99,19.89,overcast clouds
372,Chicama,PE,-7.8447,-79.1469,64.94,63,64,10.42,broken clouds
373,Beloha,MG,-25.1667,45.05,70.61,76,4,9.86,clear sky
374,Xunchang,CN,28.4543,104.715,69.6,76,100,2.77,overcast clouds
375,Lompoc,US,34.6391,-120.4579,82.69,74,0,8.05,clear sky
376,Verkhnevilyuysk,RU,63.4453,120.3167,27.82,97,100,4.88,light snow
377,Olinda,BR,-8.0089,-34.8553,83.93,70,40,9.22,scattered clouds
378,Cocobeach,GA,1.0002,9.5823,81.34,81,100,4.45,moderate rain
379,Ivanovka,KG,42.8878,75.085,57.07,67,0,3.65,clear sky
380,Taltal,CL,-25.4,-70.4833,65.77,76,100,5.03,overcast clouds
381,Cedar City,US,37.6775,-113.0619,69.4,21,0,10.36,clear sky
382,Sinnamary,GF,5.3833,-52.95,80.64,83,83,8.28,broken clouds
383,Tshikapa,CD,-6.4167,20.8,75.18,73,98,1.83,overcast clouds
384,Matamoros,MX,25.5333,-103.25,92.26,8,0,6.26,clear sky
385,Ust-Kuyga,RU,70.0167,135.6,14.61,95,100,4.05,overcast clouds
386,Tezu,IN,27.9167,96.1667,69.1,82,3,4.56,clear sky
387,Komsomolskiy,UZ,40.4272,71.7189,68.72,64,3,4.61,clear sky
388,Rio De Janeiro,BR,-22.9028,-43.2075,80.6,50,20,17.27,few clouds
389,Champerico,GT,14.3,-91.9167,88.34,68,100,9.93,overcast clouds
390,Chas,IN,23.6333,86.1667,82.35,62,41,7.9,scattered clouds
391,Kampot,KH,10.6167,104.1833,82.45,85,96,5.28,overcast clouds
392,Evensk,RU,61.95,159.2333,30.16,95,100,11.68,light snow
393,Ostersund,SE,63.1792,14.6357,41.61,70,0,14.97,clear sky
394,Diapaga,BF,12.0708,1.7889,91.36,38,83,14.34,light rain
395,Saurimo,AO,-9.6608,20.3916,73.22,60,100,5.59,overcast clouds
396,Henties Bay,NA,-22.116,14.2845,68.92,54,0,5.46,clear sky
397,Bayevo,RU,53.2833,80.7667,50.18,37,8,2.66,clear sky
398,Mount Isa,AU,-20.7333,139.5,58.77,44,91,12.66,overcast clouds
399,Trincomalee,LK,8.5711,81.2335,80.4,85,92,8.88,overcast clouds
400,Camocim,BR,-2.9022,-40.8411,79.16,88,45,10.09,scattered clouds
401,San Patricio,US,28.017,-97.5169,87.19,66,100,15.99,overcast clouds
402,Fort Nelson,CA,58.8053,-122.7002,54.99,24,75,5.75,broken clouds
403,Berlevag,NO,70.8578,29.0864,33.75,64,0,20.71,clear sky
404,Posse,BR,-14.0931,-46.3694,83.75,41,17,4.65,few clouds
405,Zhezkazgan,KZ,47.8043,67.7144,58.51,53,3,4.56,clear sky
406,Vestmannaeyjar,IS,63.4427,-20.2734,42.51,61,98,25.21,overcast clouds
407,Axim,GH,4.8699,-2.2405,81.09,83,75,7.2,broken clouds
408,Moldovita,RO,47.6833,25.5333,44.53,87,39,3.06,scattered clouds
409,Iqaluit,CA,63.7506,-68.5145,20.93,62,0,13.8,clear sky
410,Redding,US,40.5865,-122.3917,65.97,52,100,6.91,overcast clouds
411,Churapcha,RU,62.0025,132.4325,27.57,90,100,11.74,overcast clouds
412,Zhashkiv,UA,49.2454,30.1102,43.07,67,10,7.07,clear sky
413,Kolchugino,RU,56.3,39.3833,34.47,59,18,5.3,few clouds
414,Pacific Grove,US,36.6177,-121.9166,73.35,66,0,8.99,clear sky
415,Longyan,CN,25.1072,117.0225,65.77,88,100,1.86,overcast clouds
416,Manta,EC,-0.95,-80.7333,85.78,70,75,10.36,broken clouds
417,Constitucion,CL,-35.3333,-72.4167,60.46,77,94,8.66,overcast clouds
418,Faya,SA,18.3851,42.4509,66.72,39,63,4.09,broken clouds
419,Namibe,AO,-15.1961,12.1522,78.82,57,5,4.85,clear sky
420,Walvis Bay,NA,-22.9575,14.5053,66.09,41,0,7.61,clear sky
421,Port Lincoln,AU,-34.7333,135.8667,56.01,58,89,10.47,overcast clouds
422,Iguape,BR,-24.7081,-47.5553,70.61,78,84,12.39,broken clouds
423,Samarai,PG,-10.6167,150.6667,81.82,78,69,6.51,broken clouds
424,Miramar,US,25.9873,-80.2323,90.01,65,4,4.0,clear sky
425,Ribas Do Rio Pardo,BR,-20.4431,-53.7592,74.41,47,0,2.57,clear sky
426,Manavalakurichi,IN,8.1333,77.3,81.82,86,100,7.7,overcast clouds
427,Jalu,LY,29.0331,21.5482,75.76,23,29,10.0,scattered clouds
428,Manado,ID,1.487,124.8455,75.97,94,40,2.3,scattered clouds
429,Rehoboth,NA,-23.3167,17.0833,60.39,32,0,4.43,clear sky
430,San Policarpo,PH,12.1791,125.5072,80.8,81,100,6.67,overcast clouds
431,Hibbing,US,47.4272,-92.9377,70.39,26,0,4.25,clear sky
432,Alofi,NU,-19.0595,-169.9187,78.69,78,25,8.05,scattered clouds
433,Flateby,NO,59.8333,11.1667,54.59,75,8,3.38,clear sky
434,Pasighat,IN,28.0667,95.3333,70.95,74,10,3.96,clear sky
435,Saint-Tite,CA,46.7334,-72.5658,61.02,32,57,13.06,broken clouds
436,Ita,PY,-25.4833,-57.35,69.19,80,100,3.47,overcast clouds
437,Belyy Yar,RU,53.6039,91.3903,35.49,55,71,2.24,broken clouds
438,Inhambane,MZ,-23.865,35.3833,69.78,88,20,0.0,few clouds
439,Encruzilhada,BR,-15.5314,-40.9094,78.53,52,90,2.95,overcast clouds
440,Umm Lajj,SA,25.0213,37.2685,77.27,49,0,11.43,clear sky
441,Petatlan,MX,17.5167,-101.2667,90.75,38,15,7.74,few clouds
442,Porto Velho,BR,-8.7619,-63.9039,82.45,69,75,3.44,broken clouds
443,Vung Tau,VN,10.346,107.0843,82.31,81,94,19.71,moderate rain
444,Ciudad Guayana,VE,8.3533,-62.6528,88.36,54,97,8.75,overcast clouds
445,Soroti,UG,1.7146,33.6111,65.34,95,20,4.99,light rain
446,Mokobeng,BW,-22.9965,27.6678,68.77,40,26,2.37,scattered clouds
447,Rio Grande,BR,-32.035,-52.0986,75.31,66,15,5.32,few clouds
448,Martapura,ID,-3.4167,114.85,75.29,100,61,1.14,mist
449,Dovolnoye,RU,54.4958,79.6671,50.34,32,68,4.83,broken clouds
450,Carutapera,BR,-1.195,-46.02,79.43,90,92,4.76,light rain
451,Itaituba,BR,-4.2761,-55.9836,93.36,55,40,9.22,scattered clouds
452,Yatou,CN,37.15,122.3833,55.4,93,94,11.05,overcast clouds
453,Najran,SA,17.4924,44.1277,83.05,23,12,4.47,few clouds
454,La Tuque,CA,47.4334,-72.7824,53.85,20,68,13.8,broken clouds
455,Qandala,SO,11.472,49.8728,89.11,46,62,6.4,broken clouds
456,Almaznyy,RU,48.0448,40.045,48.88,46,100,15.97,overcast clouds
457,Boulder City,US,35.9786,-114.8325,89.44,10,0,4.61,clear sky
458,Pumiao,CN,22.75,108.4833,72.0,83,83,4.36,broken clouds
459,Zletovo,MK,41.9886,22.2361,59.22,60,100,4.85,overcast clouds
460,Dzaoudzi,YT,-12.7887,45.2699,80.49,74,20,10.36,few clouds
461,Kargil,IN,34.5667,76.1,42.39,62,73,5.64,broken clouds
462,Yuzhno-Kurilsk,RU,44.0306,145.8556,39.31,98,75,8.57,broken clouds
463,Roshchino,RU,60.2519,29.6085,45.01,64,95,6.89,overcast clouds
464,Laguna De Perlas,NI,12.3429,-83.6712,87.89,74,70,9.28,broken clouds
465,Trairi,BR,-3.2778,-39.2689,78.91,84,63,9.66,broken clouds
466,Ngama,TD,11.7833,17.1667,95.63,30,43,10.22,scattered clouds
467,Aklavik,CA,68.2191,-135.0107,26.6,74,100,12.66,overcast clouds
468,Necochea,AR,-38.5473,-58.7368,65.44,56,90,10.11,overcast clouds
469,Manokwari,ID,-0.8667,134.0833,78.75,82,95,2.24,overcast clouds
470,Esperance,AU,-33.8667,121.9,49.84,78,4,8.03,clear sky
471,Dalvik,IS,65.9702,-18.5286,35.53,96,99,2.66,overcast clouds
472,Tecoanapa,MX,16.5167,-98.75,86.13,51,100,9.37,overcast clouds
473,Hutchinson,US,38.0608,-97.9298,56.75,95,100,8.05,moderate rain
474,Amlame,TG,7.4667,0.9,77.59,77,97,2.98,overcast clouds
475,Santa Lucia,ES,27.9117,-15.5407,60.12,68,20,20.71,few clouds
476,Hambantota,LK,6.1241,81.1185,81.01,84,95,16.31,light rain
477,Mangrol,IN,21.1167,70.1167,81.1,80,0,11.86,clear sky
478,Akyab,MM,20.15,92.9,80.55,77,0,5.26,clear sky
479,Romny,UA,50.751,33.4747,41.4,67,7,7.29,clear sky
480,Bhadrachalam,IN,17.6667,80.8833,83.53,57,62,4.34,broken clouds
481,Salinopolis,BR,-0.6136,-47.3561,80.42,85,96,5.84,overcast clouds
482,Talnakh,RU,69.4865,88.3972,16.21,94,100,9.46,light snow
483,Morwell,AU,-38.2333,146.4,43.39,98,11,1.77,few clouds
484,Saint Anthony,US,45.0205,-93.218,64.98,48,100,3.0,overcast clouds
485,Vila Franca Do Campo,PT,37.7167,-25.4333,63.01,81,100,12.75,overcast clouds
486,Itoman,JP,26.1247,127.6694,72.37,100,100,3.44,mist
487,Siyabuswa,ZA,-25.1132,29.0445,63.7,47,3,1.61,clear sky
488,North Bend,US,43.4065,-124.2243,58.24,91,100,20.71,overcast clouds
489,Senneterre,CA,48.3835,-77.2328,50.47,37,100,10.65,overcast clouds
490,Bangkalan,ID,-7.0455,112.7351,78.75,86,11,3.22,few clouds
491,Puri,IN,19.8,85.85,79.32,89,3,14.0,clear sky
492,Ongandjera,NA,-17.8833,15.0667,70.93,30,0,7.38,clear sky
493,Tucuman,AR,-26.8241,-65.2226,75.2,43,0,4.61,clear sky
494,Half Moon Bay,US,37.4636,-122.4286,76.59,65,75,17.27,broken clouds
495,Kalmunai,LK,7.4167,81.8167,80.82,82,100,3.78,overcast clouds
496,Manamadurai,IN,9.7,78.4833,81.77,68,100,7.74,overcast clouds
497,Nouakchott,MR,18.0858,-15.9785,71.53,65,0,14.45,clear sky
498,Kadiri,IN,14.1167,78.1667,81.68,53,73,2.48,broken clouds
499,Krasnovishersk,RU,60.4078,57.082,25.41,94,8,4.79,clear sky
500,Rongcheng,CN,30.634,117.8517,62.08,70,0,3.42,clear sky
501,Makakilo City,US,21.3469,-158.0858,76.69,67,75,5.75,broken clouds
502,Bodden Town,KY,19.2833,-81.25,87.8,62,20,9.22,few clouds
503,Portland,US,45.5234,-122.6762,51.04,90,100,5.75,moderate rain
504,Teluk Nibung,ID,3.001,99.8164,76.42,91,100,4.41,overcast clouds
505,Liwale,TZ,-9.7667,37.9333,66.07,91,1,3.71,clear sky
506,Baie-Comeau,CA,49.2168,-68.1489,44.28,42,100,13.8,overcast clouds
507,Jacareacanga,BR,-6.2222,-57.7528,83.34,82,24,2.77,few clouds
508,Abaza,RU,52.655,90.0928,47.44,74,92,4.92,overcast clouds
509,Karpogory,RU,64.0019,44.4451,24.03,93,82,3.89,broken clouds
510,Kensington,AU,-33.9167,151.2167,54.77,68,20,8.05,few clouds
511,Mwanza,TZ,-2.5167,32.9,73.45,78,40,5.75,scattered clouds
512,San Cristobal,VE,7.7669,-72.225,77.18,80,100,5.23,overcast clouds
513,Deputatskiy,RU,69.3,139.9,21.34,96,100,1.61,light snow
514,Alice Springs,AU,-23.7,133.8833,36.95,65,0,5.75,clear sky
515,Safakulevo,RU,54.9901,62.5442,46.06,78,7,14.58,clear sky
516,Narayanganj,BD,23.6233,90.5011,84.22,83,36,3.06,scattered clouds
517,Nancha,CN,47.1333,129.2667,55.24,87,100,8.95,overcast clouds
518,Yamada,JP,39.4667,141.95,55.83,62,17,5.19,few clouds
519,Igarka,RU,67.4667,86.5833,11.88,95,21,8.77,few clouds
520,Saint-Pierre,RE,-21.3393,55.4781,74.91,83,20,27.63,few clouds
521,Caravelas,BR,-17.7125,-39.2481,80.55,78,0,11.9,clear sky
522,Blagoyevo,RU,63.3667,47.9167,24.75,91,64,2.68,broken clouds
523,Sao Joao Da Barra,BR,-21.6403,-41.0511,77.09,84,87,2.01,overcast clouds
524,Gamba,GA,-2.65,10.0,78.44,93,77,4.72,broken clouds
525,Arkhangelsk,RU,64.5401,40.5433,28.51,74,20,2.24,few clouds
526,Andenes,NO,69.3143,16.1194,39.18,87,75,23.02,broken clouds
527,Bay Roberts,CA,47.5999,-53.2648,46.33,88,100,5.01,light rain
528,Xining,CN,36.6167,101.7667,57.07,30,26,2.55,scattered clouds
529,Mabaruma,GY,8.2,-59.7833,81.25,78,95,7.29,overcast clouds
530,Becerril,CO,9.7041,-73.2793,81.95,86,100,3.67,overcast clouds
531,Sompeta,IN,18.9333,84.6,80.17,74,100,7.11,overcast clouds
532,Altamont,US,42.2068,-121.7372,52.77,87,100,14.97,overcast clouds
533,Kalabo,ZM,-14.97,22.6814,66.15,60,26,2.98,scattered clouds
534,Mangan,IN,27.5167,88.5333,69.94,94,100,0.38,overcast clouds
535,Do Gonbadan,IR,30.3586,50.7981,84.29,20,78,0.0,broken clouds
536,La Rochelle,FR,46.1667,-1.15,59.07,82,0,14.97,clear sky
537,Perieni,RO,46.3,27.6167,49.39,55,0,4.88,clear sky
538,Sadovoye,RU,47.7764,44.5089,52.86,35,100,20.8,overcast clouds
539,Shalinskoye,RU,55.7228,93.7594,43.61,60,100,3.27,overcast clouds
540,Grand-Santi,GF,4.25,-54.3833,80.56,95,100,2.86,overcast clouds
541,Skibotn,NO,69.3913,20.2679,37.31,96,96,7.74,overcast clouds
542,Puerto Escondido,MX,15.85,-97.0667,88.36,50,32,9.37,scattered clouds
543,Bogorodskoye,RU,56.55,37.8833,35.65,63,34,6.53,scattered clouds
544,Lanciano,IT,42.2167,14.3882,57.45,91,100,3.36,overcast clouds
545,Itabera,BR,-23.8619,-49.1372,64.78,85,100,4.45,overcast clouds
546,Salcia Tudor,RO,45.3667,27.5167,54.54,49,6,7.27,clear sky
547,Zarubino,RU,42.63,131.0922,44.01,96,100,7.58,overcast clouds
548,Wana,PK,32.2989,69.5725,69.73,41,2,1.68,clear sky
549,Beringovskiy,RU,63.05,179.3167,21.52,80,14,2.91,few clouds
550,Touros,BR,-5.1989,-35.4608,76.53,93,100,14.99,light rain
551,Nisia Floresta,BR,-6.0911,-35.2086,80.98,89,100,10.92,overcast clouds
552,Mpanda,TZ,-6.3655,31.0409,66.97,81,66,1.41,broken clouds
553,Juneau,US,58.3019,-134.4197,46.98,93,100,3.69,overcast clouds
554,Naze,JP,28.3667,129.4833,67.12,91,100,8.81,overcast clouds
555,Sibolga,ID,1.7427,98.7792,77.11,94,100,3.27,overcast clouds
556,Borshchiv,UA,48.8033,26.0435,47.97,59,13,7.2,few clouds
557,Marsabit,KE,2.3284,37.9899,68.22,70,36,12.71,scattered clouds
558,High Level,CA,58.5169,-117.136,57.31,38,100,4.61,overcast clouds
559,Ladario,BR,-19.0047,-57.6017,87.89,44,0,6.91,clear sky
560,Fort-Shevchenko,KZ,44.5086,50.263,60.8,82,34,25.64,scattered clouds
561,Talakan,RU,50.3167,130.3667,41.0,92,98,6.11,overcast clouds
562,Marabba,SD,12.35,32.1833,93.02,35,68,10.67,broken clouds
563,Umm Kaddadah,SD,13.6017,26.6876,90.43,13,34,19.46,scattered clouds
564,Kaeo,NZ,-35.1,173.7833,57.33,96,61,6.89,broken clouds
565,Loreto,MX,22.2667,-101.9667,84.51,15,0,7.2,clear sky
566,Ugoofaaru,MV,5.6667,73.0,84.87,74,100,11.05,overcast clouds
567,Guarapari,BR,-20.6667,-40.4975,77.9,87,11,5.66,few clouds
568,Fleury-Les-Aubrais,FR,47.9333,1.9167,57.24,67,0,8.05,clear sky
569,Villa Maria,AR,-32.4075,-63.2402,75.81,39,0,13.56,clear sky
570,Camacupa,AO,-12.0167,17.4833,62.65,65,37,3.49,scattered clouds
571,Nevelsk,RU,46.6733,141.8633,44.53,95,100,16.13,overcast clouds
572,Nevsehir,TR,38.9167,34.6667,43.81,76,75,4.61,broken clouds
573,Valley,US,45.1277,-116.1262,50.61,59,100,12.75,overcast clouds
574,Idenao,CM,4.2475,9.0047,79.02,89,100,2.77,light rain
575,Podeni,RO,44.8814,22.5433,52.86,86,58,4.23,broken clouds
576,Alekseyevka,RU,50.6309,38.6903,42.46,65,99,7.11,overcast clouds
577,Zhigansk,RU,66.7697,123.3711,7.86,95,23,2.93,few clouds
578,Kirakira,SB,-10.4544,161.9205,78.96,82,6,3.76,clear sky
579,Biograd Na Moru,HR,43.9433,15.4519,63.75,73,100,7.09,light rain
580,Verkhoyansk,RU,67.5447,133.385,23.52,96,100,3.09,overcast clouds
581,Poum,NC,-20.2333,164.0167,77.74,77,62,7.36,broken clouds
582,Kathu,TH,7.9178,98.3332,78.62,81,100,7.81,overcast clouds
583,Tazovskiy,RU,67.4667,78.7,8.74,90,6,11.45,clear sky
584,Rathdrum,US,47.8137,-116.892,57.49,89,75,12.66,heavy intensity rain
585,Guiglo,CI,6.5456,-7.4966,79.36,77,100,4.54,overcast clouds
586,Atar,MR,20.5169,-13.0499,89.29,10,0,8.41,clear sky
587,Boende,CD,-0.2167,20.8667,73.99,97,100,2.62,light rain
588,Batsfjord,NO,70.6345,29.7185,33.73,69,75,19.57,broken clouds
589,Baculin,PH,7.4525,126.5842,77.22,84,93,5.86,overcast clouds
590,Nauta,PE,-4.5061,-73.5757,79.59,72,96,3.69,overcast clouds
591,Pimentel,PE,-6.8367,-79.9342,71.89,64,0,18.41,clear sky
592,Ust-Tsilma,RU,65.441,52.1498,24.13,89,87,4.5,overcast clouds
593,Kailua,US,21.4022,-157.7394,78.15,77,85,5.99,overcast clouds
594,Monterey,US,36.2505,-121.2516,79.18,24,64,11.43,broken clouds
595,Ferkessedougou,CI,9.6,-5.2,87.24,41,21,5.17,few clouds
596,Doha,QA,25.2867,51.5333,89.58,35,0,10.36,clear sky
597,Balkhash,KZ,46.844,74.9804,60.58,65,5,8.77,clear sky
598,Ban Nahin,LA,18.2418,104.2122,72.39,69,7,3.36,clear sky
599,Porto Novo,BJ,6.4965,2.6036,82.22,80,100,8.52,overcast clouds
600,Banjar,ID,-8.19,114.9675,77.02,91,8,3.94,clear sky
601,Northam,GB,51.0333,-4.2167,54.39,90,18,6.35,few clouds
602,Urucara,BR,-2.5364,-57.76,84.79,75,54,3.06,broken clouds
603,Tuma,RU,55.148,40.5537,35.42,59,3,2.13,clear sky
604,Brigantine,US,39.4101,-74.3646,69.21,68,100,9.89,overcast clouds
605,Merritt Island,US,28.5392,-80.672,94.21,56,20,9.22,few clouds
606,Vancouver,CA,49.2497,-123.1193,49.42,92,100,13.8,moderate rain
607,Diego De Almagro,CL,-26.3667,-70.05,74.62,27,100,7.9,overcast clouds
608,Coihaique,CL,-45.5752,-72.0662,49.95,53,40,8.05,scattered clouds
609,Zhuanghe,CN,39.7008,122.9911,51.4,93,95,5.91,overcast clouds
610,Reo,BF,12.3167,-2.4667,98.91,18,100,7.87,overcast clouds
611,Kongsberg,NO,59.6652,9.6465,51.17,61,54,4.79,broken clouds
612,Dolores,AR,-36.3132,-57.6792,62.74,62,100,6.2,overcast clouds
613,Oriximina,BR,-1.7656,-55.8661,85.26,73,44,5.61,scattered clouds
614,Leningradskiy,RU,69.3833,178.4167,14.88,92,57,4.76,broken clouds
615,Lagdo,CM,9.05,13.7333,88.2,45,80,5.93,broken clouds
616,Asau,RO,46.4333,26.4,49.28,83,12,0.78,few clouds
617,Ajaccio,FR,42.0,8.9167,53.58,94,100,3.44,overcast clouds
618,Ohara,JP,35.25,140.3833,62.69,81,100,7.16,overcast clouds
619,Adre,TD,13.4667,22.2,90.07,12,97,13.38,overcast clouds
620,San Andres,CO,12.5847,-81.7006,86.02,79,75,10.36,broken clouds
621,Dwarka,IN,22.2394,68.9678,82.06,72,0,10.8,clear sky
622,Lincoln,US,40.8,-96.667,53.69,94,100,13.8,mist
623,Vapnyarka,UA,48.5348,28.7436,42.89,67,11,7.05,few clouds
624,Usinsk,RU,65.9939,57.5281,25.39,79,100,11.9,overcast clouds
625,Ketchikan,US,55.3422,-131.6461,45.82,77,90,3.65,light rain
626,Santo Tomas,PH,14.1079,121.1414,80.56,92,28,4.32,scattered clouds
627,Novopokrovka,UA,49.8425,36.5477,43.81,66,80,6.73,broken clouds
628,Rawson,AR,-43.3002,-65.1023,66.29,39,91,9.15,overcast clouds
629,Movila,RO,44.55,27.7,52.65,59,6,5.08,clear sky
630,Sisimiut,GL,66.9395,-53.6735,29.8,58,3,5.1,clear sky
631,Warmbad,NA,-28.45,18.7333,72.81,24,0,8.21,clear sky
632,Suluq,LY,31.6682,20.2521,74.28,27,2,10.42,clear sky
633,Vadgaon,IN,20.9402,74.8712,90.19,26,0,9.24,clear sky
634,San Quintin,MX,30.4833,-115.95,68.88,66,1,13.96,clear sky
635,Tucuma,BR,-0.1833,-50.05,77.65,90,100,4.88,overcast clouds
636,Bentong,MY,3.5181,101.9079,74.88,98,100,0.22,overcast clouds
637,Bereda,ES,43.2686,-7.5406,55.42,93,3,5.75,clear sky
638,Laguna,US,38.421,-121.4238,77.76,43,0,10.36,clear sky
639,Vila Velha,BR,-20.3297,-40.2925,80.55,85,40,12.66,scattered clouds
640,La Sarre,CA,48.8002,-79.1996,50.56,47,100,7.72,overcast clouds
641,La Grande,US,45.3246,-118.0877,58.73,70,100,16.35,overcast clouds
642,Lahat,ID,-3.8,103.5333,72.77,98,76,2.73,broken clouds
643,Mbigou,GA,-1.9005,11.906,70.03,95,98,2.06,light rain
644,Havoysund,NO,70.9963,24.6622,37.63,86,100,8.77,light rain
645,Urdoma,RU,61.7533,48.5442,29.79,88,93,4.63,overcast clouds
646,Pryluky,UA,50.5932,32.3876,42.55,66,11,7.0,few clouds
647,Mandalgovi,MN,45.7625,106.2708,36.61,35,96,9.19,overcast clouds
648,Wajima,JP,37.4,136.9,59.02,67,0,6.73,clear sky
649,Lorengau,PG,-2.0226,147.2712,80.92,82,42,5.08,scattered clouds
650,Preobrazheniye,RU,42.9019,133.9064,46.72,89,75,3.04,broken clouds
651,Las Palmas,ES,28.4204,-14.0131,66.99,64,0,16.11,clear sky
652,Domoni,KM,-12.2569,44.5319,79.3,79,35,8.81,scattered clouds
653,Nabire,ID,-3.3667,135.4833,76.69,91,95,3.2,overcast clouds
654,Jaguariaiva,BR,-24.2511,-49.7058,62.8,90,95,2.93,overcast clouds
655,Pundaguitan,PH,6.3711,126.1689,81.84,78,97,11.1,overcast clouds
656,Muroto,JP,33.2833,134.15,65.98,77,100,10.45,heavy intensity rain
657,Srednekolymsk,RU,67.45,153.6833,28.98,88,100,3.78,overcast clouds
658,Omboue,GA,-1.5746,9.2618,79.29,89,100,5.77,light rain
659,Nueva Concepcion,GT,14.2,-91.3,87.12,60,100,7.74,overcast clouds
660,Presidente Medici,BR,-11.1753,-61.9014,79.77,73,70,3.38,broken clouds
661,Melo,UY,-32.3667,-54.1833,63.28,76,52,3.8,broken clouds
662,Tshane,BW,-24.0196,21.8684,65.17,37,2,7.05,clear sky
663,Tokomaru,NZ,-40.4667,175.5,60.04,97,87,1.83,overcast clouds
664,Ostrovnoy,RU,68.0531,39.5131,17.31,86,4,10.54,clear sky
665,Dabat,ET,12.9842,37.765,64.06,37,36,1.5,scattered clouds
666,The Valley,AI,18.217,-63.0578,81.1,72,12,15.57,few clouds
667,Sao Felix Do Xingu,BR,-6.6447,-51.995,82.72,78,78,1.28,broken clouds
668,San Rafael,AR,-34.6177,-68.3301,74.32,22,0,5.88,clear sky
669,Kedougou,SN,12.5579,-12.1743,94.39,24,24,1.48,few clouds
670,Kindu,CD,-2.95,25.95,72.07,92,16,2.57,few clouds
671,Atasu,KZ,48.6814,71.6433,53.2,62,1,3.62,clear sky
672,Grand Gaube,MU,-20.0064,57.6608,76.37,82,12,8.99,light rain
673,Syamzha,RU,60.0158,41.0614,30.63,89,47,5.08,scattered clouds
674,Ojhar,IN,20.1,73.9333,79.63,31,0,7.56,clear sky
675,Ulaangom,MN,49.9811,92.0667,43.65,30,100,0.6,overcast clouds
676,Amalapuram,IN,16.5833,82.0167,79.68,85,95,3.6,overcast clouds
677,El Dorado,US,38.7666,-120.5177,71.85,35,61,1.99,broken clouds
678,Tromso,NO,69.6496,18.957,39.38,75,75,27.63,broken clouds
679,Avera,US,33.194,-82.5271,89.65,34,5,5.23,clear sky
680,Maragogi,BR,-9.0122,-35.2225,79.14,83,100,8.46,overcast clouds
681,Ankang,CN,32.68,109.0172,62.76,72,0,1.36,clear sky
682,Ekangala,ZA,-25.6962,28.7492,60.3,43,5,5.26,clear sky
683,Palang,BD,23.2167,90.35,76.3,83,61,1.14,broken clouds
684,Santo Angelo,BR,-28.2992,-54.2631,66.81,75,5,5.3,clear sky
685,Wismar,DE,53.9,11.4667,50.49,82,41,1.57,scattered clouds
686,Seoul,KR,37.5683,126.9778,54.84,90,0,3.44,clear sky
687,Rameswaram,IN,9.2833,79.3,86.0,74,97,8.81,overcast clouds
688,Toyo,PH,10.7333,125.0167,77.27,93,100,3.69,overcast clouds
689,Nortelandia,BR,-14.4547,-56.8028,79.88,39,0,4.12,clear sky
